provider,dataset_type,sample_idx,seed,raw_text,response_length,latency_s,cost_usd,parse_failed,schema_valid,format_compliance,arabic_purity,ground_truth_verifiable,diversity,cost_efficiency,composite_score
Qwen3.7-Plus,coldstart_math,0,422083538,"{
  ""id"": ""math_arabic_nablus_soap_01"",
  ""domain"": ""math"",
  ""difficulty"": ""medium"",
  ""prompt"": ""يدير \""يوسف\"" مصنعاً تقليدياً للصابون في مدينة نابلس. تُحسب تكلفة الإنتاج لكل دفعة على النحو التالي:\n- يحتاج إلى 50 لتراً من زيت الزيتون بسعر 40 شيكلاً للتر الواحد.\n- يحتاج إلى 15 كغ من المواد القلوية بسعر 10 شواقل للكغ الواحد.\n- تكاليف ثابتة للعمال والتغليف لكل دفعة تبلغ 200 شيقل.\nتُنتج الدفعة الواحدة 300 قالب من الصابون.\nيتبرع يوسف بـ 10% من إجمالي إنتاج كل دفعة للجمعيات الخيرية المحلية، ويبيع الـ 90% المتبقية بسعر 9 شواقل للقالب الواحد.\nإذا كان يوسف يهدف لتحقيق صافي ربح إجمالي قدره 720 شيكلاً، فكم عدد الدفعات التي يجب عليه إنتاجها؟"",
  ""response"": ""<think>\nلحساب عدد الدفعات المطلوبة، يجب علينا أولاً حساب التكلفة الإجمالية للدفعة الواحدة، ثم حساب الإيرادات، وأخيراً صافي الربح لكل دفعة.\n\n1. حساب تكلفة المواد المتغيرة للدفعة الواحدة:\n   - تكلفة زيت الزيتون: 50 لتراً × 40 شيكلاً = 2000 شيقل.\n   - تكلفة المواد القلوية: 15 كغ × 10 شواقل = 150 شيقلاً.\n   - إجمالي تكلفة المواد = 2000 + 150 = 2150 شيقلاً.\n\n2. حساب التكلفة الإجمالية للدفعة الواحدة:\n   - التكلفة الإجمالية = تكلفة المواد + التكاليف الثابتة\n   - التكلفة الإجمالية = 2150 + 200 = 2350 شيقلاً.\n\n3. حساب عدد القوالب المباعة فعلياً:\n   - إجمالي إنتاج الدفعة = 300 قالب.\n   - نسبة التبرع = 10%، إذن نسبة البيع = 90%.\n   - عدد القوالب المباعة = 300 × 0.90 = 270 قالباً.\n\n4. حساب الإيرادات للدفعة الواحدة:\n   - الإيرادات = عدد القوالب المباعة × سعر القالب\n   - الإيرادات = 270 × 9 = 2430 شيقلاً.\n\n5. حساب صافي الربح للدفعة الواحدة:\n   - الربح = الإيرادات - التكلفة الإجمالية\n   - الربح = 2430 - 2350 = 80 شيقلاً.\n\n6. حساب عدد الدفعات المطلوبة:\n   - الربح المستهدف = 720 شيقلاً.\n   - عدد الدفعات = الربح المستهدف ÷ ربح الدفعة الواحدة\n   - عدد الدفعات = 720 ÷ 80 = 9 دفعات.\n</think>\n<answer>\n9 دفعات\n</answer>""
}",1812,83.71659350395203,0.0146592,False,1.0,1.0,0.9798350137488544,1.0,1.0,0.8526522593320235,0.9812322286829733
Qwen3.7-Plus,coldstart_math,1,519710908,"{
  ""id"": ""math_519710908"",
  ""domain"": ""math"",
  ""difficulty"": ""medium"",
  ""prompt"": ""يدير \""طارق\"" مزرعة للحمضيات والمانجو في الإسماعيلية. لديه 40 شجرة مانجو، كل شجرة تنتج في المتوسط 150 كيلوجراماً من المانجو. كما لديه 50 شجرة برتقال، كل شجرة تنتج 120 كيلوجراماً من البرتقال.\nيقوم طارق بتعبئة محصول المانجو في صناديق سعة كل منها 20 كيلوجراماً، ويبيع الصندوق الواحد بسعر 250 جنيهاً. أما محصول البرتقال فيعبئه في صناديق سعة كل منها 15 كيلوجراماً، ويبيع الصندوق الواحد بسعر 120 جنيهاً.\nإذا كان طارق ينفق 12,500 جنيهاً سنوياً على تكاليف الري والأسمدة، فكم يكون صافي ربحه السنوي من بيع المحصولين؟"",
  ""response"": ""<think>\nلحساب صافي الربح، يجب علينا أولاً حساب إجمالي الإيرادات من بيع المانجو والبرتقال، ثم طرح المصروفات.\n\n1. حساب محصول المانجو وإيراداته:\n- عدد أشجار المانجو = 40 شجرة.\n- إنتاج الشجرة الواحدة = 150 كجم.\n- إجمالي محصول المانجو = 40 × 150 = 6000 كجم.\n- سعة صندوق المانجو = 20 كجم.\n- عدد صناديق المانجو = 6000 ÷ 20 = 300 صندوق.\n- سعر صندوق المانجو = 250 جنيهاً.\n- إجمالي إيرادات المانجو = 300 × 250 = 75,000 جنيهاً.\n\n2. حساب محصول البرتقال وإيراداته:\n- عدد أشجار البرتقال = 50 شجرة.\n- إنتاج الشجرة الواحدة = 120 كجم.\n- إجمالي محصول البرتقال = 50 × 120 = 6000 كجم.\n- سعة صندوق البرتقال = 15 كجم.\n- عدد صناديق البرتقال = 6000 ÷ 15 = 400 صندوق.\n- سعر صندوق البرتقال = 120 جنيهاً.\n- إجمالي إيرادات البرتقال = 400 × 120 = 48,000 جنيهاً.\n\n3. حساب إجمالي الإيرادات وصافي الربح:\n- إجمالي الإيرادات = 75,000 + 48,000 = 123,000 جنيهاً.\n- المصروفات السنوية = 12,500 جنيهاً.\n- صافي الربح = 123,000 - 12,500 = 110,500 جنيهاً.\n</think>\n<answer>110,500 جنيهاً</answer>""
}",1596,70.94736814498901,0.0124992,False,1.0,1.0,0.976470588235294,1.0,1.0,1.0,0.9952941176470589
Qwen3.7-Plus,coldstart_math,2,1855997202,"{
  ""id"": ""math_jazan_coffee_1855997202"",
  ""domain"": ""math"",
  ""difficulty"": ""medium"",
  ""prompt"": ""تدير \""نوف\"" محمصة بن للقهوة المختصة في منطقة جازان. اشترت نوف 50 كيلوجراماً من حبوب القهوة الخام بسعر 90 ريالاً للكيلوجرام الواحد. أثناء عملية التحميص، تفقد الحبوب 20% من وزنها بسبب تبخر الرطوبة. تقوم نوف بعد ذلك بتعبئة القهوة المحمصة في أكياس سعة كل منها 250 جراماً. تبيع نوف الكيس الواحد بسعر 40 ريالاً، علماً بأن تكلفة الكيس الفارغ مع طباعة الملصق عليه تبلغ 2.5 ريال، بالإضافة إلى تكلفة تشغيل يومية ثابتة (كهرباء وعمالة) لهذه الدفعة تبلغ 200 ريال. احسب صافي ربح نوف من هذه الدفعة."",
  ""response"": ""<think>\n- حساب التكلفة الإجمالية للقهوة الخام:\n  الوزن = 50 كجم\n  السعر = 90 ريال/كجم\n  التكلفة = 50 × 90 = 4500 ريال.\n\n- حساب وزن القهوة بعد التحميص:\n  نسبة الفقد = 20%\n  الوزن المفقود = 50 × 0.20 = 10 كجم.\n  الوزن المتبقي (المحمص) = 50 - 10 = 40 كجم.\n\n- تحويل الوزن المحمص إلى جرامات:\n  40 كجم = 40,000 جرام.\n\n- حساب عدد الأكياس:\n  سعة الكيس = 250 جرام.\n  عدد الأكياس = 40,000 ÷ 250 = 160 كيساً.\n\n- حساب إجمالي الإيرادات (المبيعات):\n  سعر الكيس = 40 ريال.\n  إجمالي الإيرادات = 160 × 40 = 6400 ريال.\n\n- حساب التكاليف الأخرى (التعبئة والتشغيل):\n  تكلفة التعبئة = 160 كيس × 2.5 ريال = 400 ريال.\n  تكلفة التشغيل = 200 ريال.\n  إجمالي التكاليف الأخرى = 400 + 200 = 600 ريال.\n\n- حساب إجمالي التكاليف:\n  إجمالي التكاليف = تكلفة الخام + تكاليف أخرى = 4500 + 600 = 5100 ريال.\n\n- حساب صافي الربح:\n  صافي الربح = إجمالي الإيرادات - إجمالي التكاليف = 6400 - 5100 = 1300 ريال.\n</think>\n<answer>\n1300 ريال\n</answer>""
}",1543,74.01607537269592,0.012964,False,1.0,1.0,0.9745075318655853,1.0,1.0,0.96414686825054,0.9913161931981711
Qwen3.7-Plus,coldstart_logic,0,2081674167,"{
  ""id"": ""LOGIC-AR-2081674167"",
  ""domain"": ""logic"",
  ""difficulty"": ""medium"",
  ""prompt"": ""أربعة فلكيين هواة هم: عمار، ليان، مهند، ونورة. كل واحد منهم يستخدم تلسكوباً مختلفاً (الفجر، الشفق، الغسق، السحر) لرصد جرم سماوي مختلف (نيزك، كويكب، مجرة، ثقب أسود). بناءً على القرائن التالية، حدد التلسكوب والجرم السماوي لكل فلكي:\n1. عمار يرصد باستخدام تلسكوب الفجر.\n2. الفلكي الذي يرصد المجرة يستخدم تلسكوب الشفق.\n3. ليان لا ترصد النيزك.\n4. مهند يرصد باستخدام تلسكوب الغسق.\n5. ليان تستخدم تلسكوب السحر.\n6. الفلكي الذي يرصد الثقب الأسود يستخدم تلسكوب الغسق."",
  ""response"": ""<think>\nالخطوة 1: تحديد التلسكوبات.\nمن القريحة (1): عمار = الفجر.\nمن القريحة (4): مهند = الغسق.\nمن القريحة (5): ليان = السحر.\nبما أن التلسكوبات الأربعة هي (الفجر، الشفق، الغسق، السحر)، فإن التلسكوب المتبقي هو الشفق ويكون من نصيب نورة. إذن: نورة = الشفق.\n\nالخطوة 2: ربط الأجرام السماوية بالتلسكوبات.\nمن القريحة (2): من يرصد المجرة = الشفق. وبما أن نورة = الشفق، إذن نورة ترصد المجرة.\nمن القريحة (6): من يرصد الثقب الأسود = الغسق. وبما أن مهند = الغسق، إذن مهند يرصد الثقب الأسود.\n\nالخطوة 3: تحديد الأجرام المتبقية.\nالأجرام المتبقية هي (نيزك، كويكب) والفلكيون المتبقون هم (عمار، ليان).\nمن القريحة (3): ليان لا ترصد النيزك. إذن ليان ترصد الكويكب.\nبالتالي، الجرم المتبقي وهو النيزك يكون من نصيب عمار.\n\nالخطوة 4: التحقق من الحل.\nجميع القرائن مطابقة ولا يوجد أي تعارض.\n</think>\n<answer>\nعمار: تلسكوب الفجر - نيزك\nليان: تلسكوب السحر - كويكب\nمهند: تلسكوب الغسق - ثقب أسود\nنورة: تلسكوب الشفق - مجرة\n</answer>""
}",1499,89.82243013381958,0.0157712,False,1.0,1.0,0.9782393669634024,1.0,1.0,0.8573602515978495,0.9813838985524656
Qwen3.7-Plus,coldstart_logic,1,981927059,"```json
{
  ""id"": ""arabic_logic_artisans_981927059"",
  ""domain"": ""logic"",
  ""difficulty"": ""hard"",
  ""prompt"": ""في سوق تقليدي، يجلس أربعة حرفيين في أربعة دكاكين متجاورة مرقّمة من 1 إلى 4 (من اليسار إلى اليمين). كل حرفي يمارس مهنة مختلفة، ولديه عدد مختلف من سنوات الخبرة، وعدد مختلف من المتدربين.\n\nالحرفيون: عادل، بدر، خالد، سعيد\nالمهن: خزف، نسج، نحاس، خشب\nسنوات الخبرة: 5، 10، 15، 20\nعدد المتدربين: 1، 2، 3، 4\n\nالمعطيات:\n1. الخزّاف (صاحب مهنة الخزف) لديه 4 متدربين.\n2. الحرفي الذي يعمل منذ 5 سنوات لديه متدرب واحد فقط.\n3. عادل هو الأكثر خبرة بين الحرفيين الأربعة.\n4. صاحب مهنة النحاس يعمل في الدكان رقم 2.\n5. عدد متدربي صاحب مهنة النسج أكثر من عدد متدربي صاحب مهنة النحاس، ولكنه أقل من عدد متدربي صاحب مهنة الخزف.\n6. سعيد يعمل في أحد طرفي الصف (الدكان رقم 1 أو 4).\n7. صاحب مهنة النحاس يعمل منذ 10 سنوات.\n8. خالد يعمل في الدكان المجاور لصاحب مهنة النحاس مباشرة.\n9. صاحب مهنة الخزف يعمل في أحد طرفي الصف.\n10. سنوات خبرة خالد أكثر من سنوات خبرة سعيد.\n11. عادل لا يمارس مهنة الخزف.\n\nالمطلوب: حدد اسم كل حرفي، ومهنته، وسنوات خبرته، وعدد متدربيه، ورقم دكانه."",
  ""response"": ""<think>\nالخطوة 1: من المعطى (1)، الخزف = 4 متدربين.\nالخطوة 2: من المعطى (7)، النحاس = 10 سنوات خبرة.\nالخطوة 3: من المعطى (2)، صاحب 5 سنوات خبرة = متدرب واحد.\nالخطوة 4: من المعطى (5)، متدربو النسج > متدربو النحاس، ومتدربو النسج < متدربو الخزف (4). إذن: النحاس < النسج < 4.\nالخطوة 5: لو كان النحاس = 1 متدرب، لكان صاحب النحاس هو نفسه صاحب 5 سنوات (حسب المعطى 2)، لكن النحاس = 10 سنوات (المعطى 7). هذا تناقض! إذن النحاس ≠ 1.\nالخطوة 6: بما أن النحاس < النسج < 4 والنحاس ≠ 1، فالخيار الوحيد هو: النحاس = 2 متدرب، والنسج = 3 متدربين.\nالخطوة 7: توزيع المتدربين اكتمل: خزف = 4، نسج = 3، نحاس = 2، والخشب = 1 (المتبقي).\nالخطوة 8: من المعطى (2)، صاحب الخشب (1 متدرب) = 5 سنوات خبرة.\nالخطوة 9: سنوات الخبرة المتبقية هي 15 و20، وتخصّ الخزف والنسج.\nالخطوة 10: من المعطى (3)، عادل = 20 سنة (الأكثر خبرة).\nالخطوة 11: من المعطى (11)، عادل ≠ خزف. وبما أن عادل = 20 سنة والخزف والنسج هما اللذان يحملان 15 أو 20، فإن عادل = نسج (20 سنة، 3 متدربين).\nالخطوة 12: من المعطى (4)، النحاس في الدكان 2.\nالخطوة 13: من المعطى (8)، خالد مجاور للنحاس (الدكان 2) مباشرة. إذن خالد في الدكان 1 أو 3.\nالخطوة 14: من المعطى (6)، سعيد في الدكان 1 أو 4.\nالخطوة 15: من المعطى (9)، الخزف في الدكان 1 أو 4.\nالخطوة 16: نفرض أن خالد في الدكان 3. عندها سعيد (طرف: 1 أو 4) وعادل (20 سنة، لا يمكن أن يكون في الدكان 2 لأن النحاس = 10 سنوات). بتجريع التوزيعات الممكنة تحت هذا الفرض مع المعطيين (9) و(10)، نجد أن جميعها تؤدي إلى أن خبرة خالد (5) ليست أكبر من خبرة سعيد (15)، مما يخالف المعطى (10). إذن الفرض مرفوض.\nالخطوة 17: إذن خالد في الدكان 1.\nالخطوة 18: الدكان 1 = خالد. سعيد في طرف (1 أو 4)، والدكان 1 مشغول بخالد، إذن سعيد في الدكان 4.\nالخطوة 19: يتبقى عادل وبدر للدكانين 2 و3. الدكان 2 = نحاس = 10 سنوات. عادل = 20 سنة ≠ 10، إذن عادل في الدكان 3 وبدر في الدكان 2.\nالخطوة 20: الخزف في طرف (1 أو 4). لو كان الخزف في الدكان 4: سعيد = خزف = 15 سنة (المتبقي)، وخالد = خشب = 5 سنوات. لكن المعطى (10) يطلب خالد > سعيد، أي 5 > 15 وهذا خطأ! إذن الخزف في الدكان 1.\nالخطوة 21: خالد = خزف = 15 سنة (المتبقي من سنوات الخبرة)، و4 متدربين.\nالخطوة 22: سعيد = خشب = 5 سنوات = متدرب واحد.\nالخطوة 23: التحقق من المعطى (10): خالد (15) > سعيد (5) ✓. جميع المعطيات متحققة.\n</think>\n\n<answer>\nالدكان 1: خالد - خزف - 15 سنة - 4 متدربين\nالدكان 2: بدر - نحاس - 10 سنوات - متدربان\nالدكان 3: عادل - نسج - 20 سنة - 3 متدربين\nالدكان 4: سعيد - خشب - 5 سنوات - متدرب واحد\n</answer>""
}
```",3434,428.6393964290619,0.07098,False,1.0,1.0,0.9897100093545368,1.0,1.0,0.1904987320371935,0.9169918750746267
Qwen3.7-Plus,coldstart_logic,2,2121518540,"```json
{
  ""id"": ""arabic_logic_puzzle_047"",
  ""domain"": ""logic"",
  ""difficulty"": ""medium"",
  ""prompt"": ""ثلاثة أصدقاء — فيصل، منى، وزينب — يسكن كلٌّ منهم في طابق مختلف من بناية (الأوّل، الثاني، الثالث)، ويمتلك كلٌّ منهم حيوانًا أليفًا مختلفًا (قطة، كلب، طائر)، ويُفضِّل كلٌّ منهم لونًا مختلفًا (أبيض، أسود، أصفر).\n\nاستنادًا إلى القرائن الستّ التالية، حدِّد الطابق والحيوان الأليف واللون المفضَّل لكلِّ شخص:\n\n1. فيصل لا يسكن في الطابق الثالث.\n2. الشخص الذي يمتلك طائرًا يسكن في الطابق الثاني.\n3. اللون المفضَّل لدى منى هو الأبيض.\n4. الشخص الذي يسكن في الطابق الأوّل لا يمتلك قطة.\n5. اللون المفضَّل لدى زينب ليس الأصفر.\n6. الشخص الذي يُفضِّل اللون الأسود يمتلك كلبًا."",
  ""response"": ""<think>\nالخطوة 1: من القرينة (2)، صاحب الطائر يسكن في الطابق الثاني.\n\nالخطوة 2: من القرينة (4)، ساكن الطابق الأوّل لا يمتلك قطة. وبما أن الطائر في الطابق الثاني (الخطوة 1)، فالطائر مستبعد أيضًا. إذًا ساكن الطابق الأوّل يمتلك كلبًا.\n\nالخطوة 3: بما أن الكلب في الطابق الأوّل والطائر في الطابق الثاني، فالقطة حتمًا في الطابق الثالث.\n\nالخطوة 4: من القرينة (6)، من يُفضِّل اللون الأسود يمتلك كلبًا. ومن الخطوة 2، الكلب في الطابق الأوّل. إذًا ساكن الطابق الأوّل يُفضِّل اللون الأسود.\n\nالخطوة 5: من القرينة (3)، منى تُفضِّل الأبيض. وبما أن ساكن الطابق الأوّل يُفضِّل الأسود (الخطوة 4)، فإن منى لا تسكن في الطابق الأوّل.\n\nالخطوة 6: من القرينة (5)، لون زينب المفضَّل ليس الأصفر. والأبيض ملكٌ لمنى (القرينة 3). إذًا يتبقى أمام زينب اللون الأسود فقط.\n\nالخطوة 7: من الخطوة 4، ساكن الطابق الأوّل يُفضِّل الأسود. ومن الخطوة 6، زينب تُفضِّل الأسود. إذًا زينب هي ساكنة الطابق الأوّل.\n\nالخطوة 8: من القرينة (1)، فيصل لا يسكن في الطابق الثالث. وبما أن زينب في الطابق الأوّل (الخطوة 7)، يتبقى الطابق الثاني لفيصل.\n\nالخطوة 9: يتبقى الطابق الثالث لمنى.\n\nالخطوة 10: فيصل في الطابق الثاني، وصاحب الطائر في الطابق الثاني (الخطوة 1). إذًا فيصل يمتلك طائرًا.\n\nالخطوة 11: زينب في الطابق الأوّل، وصاحب الكلب في الطابق الأوّل (الخطوة 2). إذًا زينب تمتلك كلبًا.\n\nالخطوة 12: منى في الطابق الثالث، وصاحب القطة في الطابق الثالث (الخطوة 3). إذًا منى تمتلك قطة.\n\nالخطوة 13: اللون المتبقي هو الأصفر، وهو لفيصل.\n\nالتحقق من جميع القرائن:\n- القرينة 1: فيصل في الطابق الثاني (ليس الثالث) ✓\n- القرينة 2: الطائر (فيصل) في الطابق الثاني ✓\n- القرينة 3: منى تُفضِّل الأبيض ✓\n- القرينة 4: ساكن الأوّل (زينب) يمتلك كلبًا (ليس قطة) ✓\n- القرينة 5: لون زينب أسود (ليس أصفر) ✓\n- القرينة 6: من يُفضِّل الأسود (زينب) يمتلك كلبًا ✓\nجميع القرائن مُحققة والحل وحيد.\n</think>\n<answer>\nفيصل: الطابق الثاني — طائر — أصفر\nمنى: الطابق الثالث — قطة — أبيض\nزينب: الطابق الأوّل — كلب — أسود\n</answer>""
}
```",2575,78.70773100852966,0.0135216,False,1.0,1.0,0.9876195835678108,1.0,1.0,1.0,0.9975239167135621
Qwen3.7-Plus,rlvr_math,0,403859964,"{
  ""id"": ""math_ar_403859964"",
  ""domain"": ""math"",
  ""difficulty_tag"": ""easy"",
  ""prompt"": ""اشترى خالد 7 دفاتر رسم، وسعر الدفتر الواحد 12 ريالاً. ما هو المبلغ الإجمالي الذي دفعه خالد؟"",
  ""ground_truth_answer"": 84
}",215,3.203615427017212,0.0003848,False,1.0,1.0,1.0,1.0,1.0,0.8752598752598751,0.9875259875259875
Qwen3.7-Plus,rlvr_math,1,1424106059,"{
  ""id"": ""math_ar_001"",
  ""domain"": ""math"",
  ""difficulty_tag"": ""easy"",
  ""prompt"": ""اشترى خالد 5 كتب، سعر كل كتاب 12 ريالاً. ما هو المبلغ الإجمالي الذي دفعه خالد؟"",
  ""ground_truth_answer"": 60
}",196,2.5376346111297607,0.0003472,False,1.0,1.0,1.0,1.0,1.0,0.9700460829493088,0.9970046082949309
Qwen3.7-Plus,rlvr_math,2,456287205,"{
  ""id"": ""math_ar_001"",
  ""domain"": ""math"",
  ""difficulty_tag"": ""easy"",
  ""prompt"": ""اشترى خالد 5 كتب، سعر كل كتاب 12 ريالاً. كم ريالاً دفع خالد إجماليًا؟"",
  ""ground_truth_answer"": 60
}",187,2.502209186553955,0.0003368,False,1.0,1.0,1.0,1.0,1.0,1.0,1.0
Qwen3.7-Plus,rlvr_logic,0,1436997871,"{
  ""id"": ""logic_puzzle_ar_042"",
  ""domain"": ""logic"",
  ""difficulty_tag"": ""easy"",
  ""puzzle_type"": ""truth_teller_liar"",
  ""prompt"": ""في مجلس قبلي، يجلس ثلاثة أفراد: سالم، وناصر، وفيصل. من المعروف أن أحدهم دائماً يقول الصدق (الصادق)، وآخر دائماً يكذب (الكاذب)، والثالث يتنقل بين الصدق والكذب أحياناً (المتقلب). \n\nقال سالم: \""أنا المتقلب\"".\nقال ناصر: \""سالم هو الكاذب\"".\nقال فيصل: \""أنا الصادق\"".\n\nحدد هوية كل شخص (صادق، كاذب، متقلب) بناءً على أقوالهم."",
  ""ground_truth_answer"": {
    ""سالم"": ""متقلب"",
    ""ناصر"": ""صادق"",
    ""فيصل"": ""كاذب""
  }
}",551,5.362735271453857,0.0008208,False,1.0,1.0,1.0,1.0,1.0,1.0,1.0
Qwen3.7-Plus,rlvr_logic,1,343053451,"{
  ""id"": ""logic_puzzle_ar_092"",
  ""domain"": ""logic"",
  ""difficulty_tag"": ""easy"",
  ""puzzle_type"": ""truth_teller_liar"",
  ""prompt"": ""في مجلس حكماء القبيلة، يجلس ثلاثة أفراد: سالم، وناصر، وفهد. كل واحد منهم ينتمي إما إلى عشيرة 'الصدق' (دائمًا يقولون الحقيقة) أو عشيرة 'الكذب' (دائمًا يكذبون).\n\nقال سالم: 'نحن الثلاثة من عشيرة الكذب'.\nقال ناصر: 'سالم فقط هو من عشيرة الكذب'.\nقال فهد: 'نحن جميعًا من عشيرة الصدق'.\n\nحدد انتماء كل شخص بناءً على أقوالهم."",
  ""ground_truth_answer"": {
    ""سالم"": ""عشيرة الكذب"",
    ""ناصر"": ""عشيرة الصدق"",
    ""فهد"": ""عشيرة الكذب""
  }
}",568,5.693868637084961,0.0008328,False,1.0,1.0,1.0,1.0,1.0,0.9855907780979826,0.9985590778097982
Qwen3.7-Plus,rlvr_logic,2,1521342541,"{
  ""id"": ""logic_puzzle_ar_092"",
  ""domain"": ""logic"",
  ""difficulty_tag"": ""easy"",
  ""puzzle_type"": ""truth_teller_liar"",
  ""prompt"": ""في مسابقة للطلاة، وقف ثلاثة متسابقين: زياد، وسالم، وعمر. كل واحد منهم يرتدي قميصاً بلون مختلف (أحمر، أزرق، أخضر). نحن نعلم أن صاحب القميص الأحمر دائماً يقول الصدق، وصاحب القميص الأزرق دائماً يكذب، أما صاحب القميص الأخضر فيمكن أن يقول الصدق أو يكذب.\n\nقال زياد: \""قميصي أحمر\"".\nقال سالم: \""زياد يكذب\"".\nقال عمر: \""قميصي أخضر\"".\n\nحدد لون قميص كل متسابق."",
  ""ground_truth_answer"": {
    ""زياد"": ""أزرق"",
    ""سالم"": ""أحمر"",
    ""عمر"": ""أخضر""
  }
}",582,5.521474838256836,0.0008688,False,1.0,1.0,1.0,1.0,1.0,0.9447513812154696,0.994475138121547
DeepSeek-V4-Pro,coldstart_math,0,1031291850,"{
  ""id"": ""math_teacher_ratio_02"",
  ""domain"": ""math"",
  ""difficulty"": ""medium"",
  ""prompt"": ""في مدرسة الأندلس، كانت نسبة عدد المعلمين الذكور إلى عدد المعلمات الإناث 3:4. بعد تعيين 8 معلمات جديدات، أصبحت النسبة 2:3. احسب عدد المعلمين الذكور في المدرسة."",
  ""response"": ""<think>\nلنفترض أن عدد المعلمين الذكور = 3س، وعدد المعلمات الإناث = 4س، حيث س ثابت موجب.\nبعد تعيين 8 معلمات جديدات، يصبح عدد المعلمات = 4س + 8.\nالنسبة الجديدة (المعلمين الذكور : المعلمات) = 2 : 3، أي:\n(3س) / (4س + 8) = 2 / 3\nنضرب تبادليًا:\n3 × 3س = 2 × (4س + 8)\n9س = 8س + 16\n9س - 8س = 16\nس = 16\nإذن عدد المعلمين الذكور = 3س = 3 × 16 = 48\n</think>\n<answer>48 معلماً</answer>""
}",657,24.569364070892334,0.001815255,False,1.0,1.0,0.9325153374233128,1.0,1.0,1.0,0.9865030674846627
DeepSeek-V4-Pro,coldstart_math,1,1829650096,"{
  ""id"": ""math-berg-001"",
  ""domain"": ""math"",
  ""difficulty"": ""medium"",
  ""prompt"": ""في رحلة إلى الجبال، جمع الأصدقاء الخمسة: عمر، سارة، ليلى، رامي، وخالد مبلغ 675 ريالاً لتغطية تكاليف المواصلات والطعام. تبلغ تكلفة استئجار الحافلة 300 ريال تُقسّم بالتساوي بين من يركبونها، بينما تكلفة الطعام المتبقية تُقسّم بالتساوي بين الجميع. إذا قرر خالد أن يذهب بسيارته الخاصة ولن يشارك في دفع المواصلات، فكم سيدفع خالد إجمالاً؟"",
  ""response"": ""<think>لحساب المبلغ الذي سيدفعه خالد، نبدأ بحساب تكلفة الطعام. المبلغ الإجمالي هو 675 ريالاً، وتكلفة الحافلة 300 ريال، إذن تكلفة الطعام = 675 - 300 = 375 ريالاً. الطعام يُقسّم بالتساوي على جميع الأصدقاء الخمسة، لذا حصة الفرد الواحد من الطعام = 375 ÷ 5 = 75 ريالاً. بما أن خالد لن يستخدم الحافلة، فهو لن يدفع شيئاً للمواصلات، وسيدفع فقط حصته من الطعام. إذن إجمالي ما سيدفعه خالد = 75 ريالاً.</think><answer>75 ريالاً</answer>""
}",862,36.14484906196594,0.002383365,False,1.0,1.0,0.9616724738675958,1.0,1.0,0.7616353349151305,0.9684980282650322
DeepSeek-V4-Pro,coldstart_math,2,208503659,"{
  ""id"": ""math-arabic-01"",
  ""domain"": ""math"",
  ""difficulty"": ""medium"",
  ""prompt"": ""في مشروع تشجير إحدى ضواحي مدينة فاس، خصصت البلدية 126 شجرة زيتون و84 شجرة نخيل. قرر المهندس زراعتها على أطراف ممرات مستقيمة ومتوازية، على أن يحتوي كل ممر على نوع واحد من الأشجار، وأن يكون عدد الأشجار في كل ممر متساوياً وأكبر ما يمكن، مع ترك مسافة 3 أمتار بين كل شجرتين متجاورتين. فما مجموع أطوال الممرات المخصصة لأشجار الزيتون؟ وما مجموع أطوال الممرات المخصصة لأشجار النخيل؟"",
  ""response"": ""<think>\nلحساب مجموع أطوال الممرات، نتبع الخطوات:\n\n1. إيجاد عدد الأشجار في كل ممر (وهو أكبر قاسم مشترك بين 126 و 84).\n   - عوامل 126: 1, 2, 3, 6, 7, 9, 14, 18, 21, 42, 63, 126.\n   - عوامل 84: 1, 2, 3, 4, 6, 7, 12, 14, 21, 28, 42, 84.\n   - القاسم المشترك الأكبر = 42. إذن كل ممر سيحتوي 42 شجرة.\n\n2. حساب عدد الممرات لكل نوع:\n   - عدد ممرات الزيتون = 126 ÷ 42 = 3 ممرات.\n   - عدد ممرات النخيل = 84 ÷ 42 = 2 ممر.\n\n3. حساب طول الممر الواحد:\n   - المسافة بين شجرتين متجاورتين = 3 أمتار.\n   - عدد المسافات بين 42 شجرة = 42 - 1 = 41 مسافة.\n   - طول الممر الواحد = 41 × 3 = 123 متراً.\n\n4. حساب مجموع أطوال الممرات لكل نوع:\n   - مجموع أطوال ممرات الزيتون = 3 × 123 = 369 متراً.\n   - مجموع أطوال ممرات النخيل = 2 × 123 = 246 متراً.\n\nإذن الإجابات هي 369 م و 246 م.\n</think>\n<answer>\nمجموع أطوال الممرات المخصصة لأشجار الزيتون: 369 متراً.\nمجموع أطوال الممرات المخصصة لأشجار النخيل: 246 متراً.\n</answer>""
}",1397,32.914830923080444,0.00271005,False,1.0,1.0,0.9714656290531777,1.0,1.0,0.6698234349919744,0.961275469309833
DeepSeek-V4-Pro,coldstart_logic,0,1356146664,"{
  ""id"": ""arabic_logic_puzzle_001"",
  ""domain"": ""logic"",
  ""difficulty"": ""medium"",
  ""prompt"": ""في قافلة تجارية متجهة إلى بغداد، أربعة تجار مشهورون: رشيد، منصور، غسان، وفؤاد. كل منهم يتاجر في سلعة مختلفة: العطور، الأقمشة، التوابل، أو الجواهر. ويحمل كل منهم حقيبة جلدية بلون مميز: الأسود، البني، الرمادي، والأبيض.\n\nاستمع إلى المعلومات التالية عنهم:\n\n1. رشيد ليس تاجر العطور ولا تاجر الجواهر.\n2. تاجر التوابل يحمل حقيبة بنية اللون.\n3. منصور يحمل حقيبة سوداء.\n4. تاجر الأقمشة يحمل حقيبة بيضاء.\n5. غسان هو تاجر العطور.\n6. فؤاد ليس تاجر الجواهر ولا تاجر الأقمشة.\n7. الحقيبة البنية لا يحملها رشيد.\n8. تاجر الجواهر لا يحمل حقيبة رمادية.\n\nالسؤال: حدد مهنة كل تاجر ولون حقيبته."",
  ""response"": ""<think>\nلدينا أربعة تجار: رشيد، منصور، غسان، فؤاد.\nالمهن: عطور، أقمشة، توابل، جواهر.\nألوان الحقائب: أسود، بني، رمادي، أبيض.\n\nنحلل المعطيات:\nمن (5): غسان هو تاجر العطور. إذن مهنة غسان = عطور.\nمن (6): فؤاد ليس تاجر الجواهر ولا تاجر الأقمشة. بالتالي فؤاد إما توابل وإما عطور. لكن العطور أخذها غسان، إذن فؤاد = توابل.\nمن (2): تاجر التوابل يحمل حقيبة بنية. وفؤاد هو تاجر التوابل، إذن فؤاد يحمل الحقيبة البنية.\nمن (7): الحقيبة البنية لا يحملها رشيد. هذا متوافق ولا يضيف جديداً الآن.\nمن (1): رشيد ليس تاجر العطور ولا تاجر الجواهر. العطور مع غسان، والجواهر باقية، إذن رشيد ليس جواهر. والمهن المتبقية بعد أن أخذ غسان عطوراً وفؤاد توابل هي: أقمشة، جواهر. رشيد ليس جواهر، إذن رشيد = أقمشة.\nمن (4): تاجر الأقمشة يحمل حقيبة بيضاء. إذن رشيد يحمل الحقيبة البيضاء.\nبقي التاجر منصور والمهنة جواهر. إذن منصور = جواهر.\nمن (3): منصور يحمل حقيبة سوداء. إذن منصور حقيبته سوداء، وهذا يطابق أنه تاجر الجواهر (لم نناقض شيئاً).\nبقي غسان (تاجر العطور) والحقيبة المتبقية رمادية. إذن غسان يحمل الحقيبة الرمادية.\nنتحقق من (8): تاجر الجواهر لا يحمل حقيبة رمادية. منصور (تاجر الجواهر) يحمل سوداء، إذن صحيح.\n\nجميع المعطيات متسقة، والحل وحيد.\n</think>\n<answer>\n- رشيد: تاجر أقمشة، حقيبة بيضاء.\n- منصور: تاجر جواهر، حقيبة سوداء.\n- غسان: تاجر عطور، حقيبة رمادية.\n- فؤاد: تاجر توابل، حقيبة بنية.\n</answer>""
}",1995,72.41161727905273,0.00594906,False,1.0,1.0,0.9841612670986322,1.0,1.0,1.0,0.9968322534197265
DeepSeek-V4-Pro,coldstart_logic,1,1554041428,,0,181.516175031662,0.014330639999999999,True,0.0,0.0,0.0,0.0,1.0,0.41512870325400686,0.1415128703254007
DeepSeek-V4-Pro,coldstart_logic,2,953417671," text contains Arabic, so unicode ok. Use double quotes.

Make difficulty ""medium"". The puzzle is not extremely hard but requires systematic deduction. Could be ""easy"" but medium is fine.

Now output only JSON. field: I'll combine think and answer with newline. So:

""response"": ""<think>\n...\n</think>\n<answer>ريم</answer>""

I'll include newline between tags.

Now final answer.""""""{
  ""id"": ""arabic_logic_puzzle_954321"",
  ""domain"": ""logic"",
  ""difficulty"": ""medium"",
  ""prompt"": ""في يوم من الأيام، كسر أحد الأشخاص الثلاثة إناءً زجاجيًا: عمر، ريم، وسامي. كل واحد منهم إما صادق دائمًا وإما كاذب دائمًا. ومن المعروف أن واحدًا منهم على الأقل صادق. أدلى كل منهم بالتصريحات التالية:\n\nعمر: لم أكسره. سامي كاذب.\nريم: إذا كان عمر صادقًا، فأنا من كسره.\nسامي: يوجد بيننا صادق واحد بالضبط. الشخص الذي كسره كاذب.\n\nمن كسر الإناء؟"",
  ""response"": ""<think>\nلنحلل الاحتمالات. نرمز للصدق بـ (ص) وللكذب بـ (ك). تصريحاتهم:\nعمر: (لم أكسره) ∧ (سامي كاذب).\nريم: (عمر صادق) → (أنا الكاسر).\nسامي: (يوجد صادق واحد بالضبط) ∧ (الكاسر كاذب).\nالشرط: كل صادق تكون كل تصريحاته صحيحة، وكل كاذب تكون كلها خاطئة. ويوجد صادق واحد على الأقل.\n\nنختبر الفرضيات:\n\n1. الكاسر هو عمر:\n- تصريح عمر: (لم أكسره) خطأ ⇒ التصريح كله خطأ ⇒ عمر كاذب.\n- تصريح ريم: (عمر صادق) ← (أنا الكاسر). المقدمة خطأ (لأن عمر كاذب) ⇒ التضمين صحيح دائمًا. إذن تصريح ريم صحيح ⇒ ريم صادقة.\n- تصريح سامي: (يوجد صادق واحد) ∧ (الكاسر كاذب). الكاسر عمر وهو كاذب، فالشق الثاني صحيح. يصبح التصريح مكافئًا لـ (يوجد صادق واحد). لدينا ريم ص، عمر ك. إذا كان سامي صادقًا صار العدد 2، فتصريحه خاطئ، يتناقض مع صدقه. وإذا كان كاذبًا صار العدد 1، فتصريحه صحيح، يتناقض مع كذبه. إذن لا حل.\n\n2. الكاسر هو سامي:\n- تصريح عمر: (لم أكسره) صحيح (لأن الكاسر سامي) ⇒ التصريح يعتمد على (سامي كاذب). عمر صادق ⇔ سامي كاذب، عمر كاذب ⇔ سامي صادق.\n- تصريح ريم: (عمر صادق) → (أنا الكاسر). التالي خطأ لأن الكاسر سامي. فالتصريح يكافئ (عمر صادق → خطأ) أي أن عمر كاذب. إذن ريم صادقة ⇔ عمر كاذب، ريم كاذبة ⇔ عمر صادق.\n- تصريح سامي: (يوجد صادق واحد) ∧ (الكاسر كاذب). الكاسر هو سامي، فالشق الثاني يقتضي أن سامي كاذب. لو كان سامي صادقًا لتناقض، إذن سامي كاذب بالضرورة. حينئذ الشق الثاني صحيح، فيكون تصريح سامي مكافئًا لـ (يوجد صادق واحد). بما أنه كاذب يجب أن يكون التصريح خاطئًا، أي أن عدد الصادقين ليس 1 (إما 0 أو 2 أو 3). بوجود صادق واحد على الأقل، يصبح العدد 2 أو 3.\n- سامي ك، إذن (سامي كاذب) صحيحة، ولذلك تصريح عمر صحيح ⇒ عمر ص.\n- عمر ص ⇒ حسب نتيجة ريم (عمر كاذب ⇔ ريم صادقة) تكون ريم كاذبة.\n- النتيجة: عمر ص، ريم ك، سامي ك. عدد الصادقين = 1، وهذا يناقض شرط أن العدد ليس 1. إذن لا حل.\n\n3. الكاسرة هي ريم:\n- تصريح عمر: (لم أكسره) صحيح ⇒ التصريح مكافئ لـ (سامي كاذب). إما عمر ص وسامي ك، أو عمر ك وسامي ص.\n- تصريح ريم: (عمر صادق) → (أنا الكاسر). التالي صحيح لأنها الكاسرة، فالتضمين صحيح دائمًا، فتصريحها صحيح ⇒ ريم صادقة.\n- تصريح سامي: (يوجد صادق واحد) ∧ (الكاسر كاذب). الكاسر ريم وهي صادقة، فالشق الثاني خطأ، فيكون التصريح كله خطأ ⇒ سامي كاذب.\n- سامي ك ⇒ (سامي كاذب) صحيحة ⇒ تصريح عمر صحيح ⇒ عمر صادق.\n- إذن: عمر ص، ريم ص، سامي ك. عدد الصادقين = 2. هذا يجعل عبارة سامي \""يوجد صادق واحد\"" خاطئة، بما يتوافق مع كذبه. والشرط \""صادق واحد على الأقل\"" متحقق.\n- كل التصريحات متسقة، ولا تناقض.\n\nالنتيجة: الكاسرة هي ريم.\n</think>\n<answer>ريم</answer>""
}",3178,131.77314233779907,0.010044585,False,1.0,1.0,0.9883412824589295,1.0,1.0,0.5922653847819497,0.9568947949699808
DeepSeek-V4-Pro,rlvr_math,0,1966352414,"{
  ""id"": ""arith_geo_007"",
  ""domain"": ""math"",
  ""difficulty_tag"": ""hard"",
  ""prompt"": ""لدى تاجر تمر 3 أكياس. في الكيس الأول 47 تمرة، وفي الثاني 58 تمرة، وفي الثالث 65 تمرة. يريد أن يوزع التمر كله على 5 عائلات محتاجة بالتساوي. كم تمرة تتبقى لديه بعد أن يعطي كل عائلة أكبر عدد صحيح ومتساوٍ من التمرات؟"",
  ""ground_truth_answer"": 0
}",331,3.138737916946411,0.00016965,False,1.0,1.0,1.0,1.0,1.0,1.0,1.0
DeepSeek-V4-Pro,rlvr_math,1,440259321,"{
  ""id"": ""arabic_math_001"",
  ""domain"": ""math"",
  ""difficulty_tag"": ""hard"",
  ""prompt"": ""لدى تاجر تمر في سوق البصرة ٣٦٠ كيسًا من تمر الخلاص و٢٧٥ كيسًا من تمر السكري. باع في الصباح ١٨٥ كيسًا من الخلاص و١٢٩ كيسًا من السكري، ثم اشترى بعد الظهر ٤٠ كيسًا من الخلاص و٥٥ كيسًا من السكري. في المساء، باع نصف ما تبقى لديه من كل نوع معًا لزبون واحد. كم كيسًا إجماليًا تبقى لدى التاجر بعد البيع الأخير؟"",
  ""ground_truth_answer"": 208
}",425,3.600797176361084,0.000217065,False,1.0,1.0,1.0,1.0,1.0,0.781563126252505,0.9781563126252505
DeepSeek-V4-Pro,rlvr_math,2,966358023,"{
  ""id"": ""math.arabic.original.966358023"",
  ""domain"": ""math"",
  ""difficulty_tag"": ""hard"",
  ""prompt"": ""لدى التاجر فراس صندوقان من التمر الخلاص. في الصندوق الأول 47 كيسًا، وزن كل كيس 2.4 كيلوجرام. في الصندوق الثاني 53 كيسًا، وزن كل كيس 1.8 كيلوجرام. أراد فراس تعبئة كل التمر في عبوات جديدة متساوية الوزن، بحيث يكون وزن كل عبوة أكبر ما يمكن من الكيلوجرامات الصحيحة، ولا يتبقى أي تمر. كم عبوة يلزمه؟"",
  ""ground_truth_answer"": 26
}",430,3.558598041534424,0.00020749499999999998,False,1.0,1.0,1.0,1.0,1.0,0.8176100628930819,0.9817610062893082
DeepSeek-V4-Pro,rlvr_logic,0,2016430869,"{
  ""id"": ""logic_puzzle_009"",
  ""domain"": ""logic"",
  ""difficulty_tag"": ""hard"",
  ""puzzle_type"": ""truth_lie"",
  ""prompt"": ""في قضية اختفاء لوحة ثمينة، يُستجوب أربعة مشتبه بهم: فادي، غسان، هاني، وإياد. كل واحد منهم إما صادق دائمًا أو كاذب دائمًا. أحدهم فقط هو اللص. أدلوا بالتصريحات التالية:\n\nفادي: أنا لست اللص. غسان كاذب.\nغسان: هاني هو اللص. إياد صادق.\nهاني: فادي كاذب. أنا لست اللص.\nإياد: اللص كاذب. غسان ليس اللص.\n\nمن هو اللص، ومن هو الصادق ومن هو الكاذب؟"",
  ""ground_truth_answer"": {
    ""فادي"": ""كاذب"",
    ""غسان"": ""كاذب"",
    ""هاني"": ""صادق"",
    ""إياد"": ""صادق"",
    ""اللص"": ""فادي""
  }
}",597,3.761388063430786,0.00030015,False,1.0,1.0,1.0,1.0,1.0,0.9840579710144928,0.9984057971014493
DeepSeek-V4-Pro,rlvr_logic,1,1975755741,"{
  ""id"": ""logic_arabic_004"",
  ""domain"": ""logic"",
  ""difficulty_tag"": ""hard"",
  ""puzzle_type"": ""truth_lie"",
  ""prompt"": ""في قضية اختفاء لوحة فنية ثمينة من قصر الشيخ راشد، تم استجواب أربعة مشتبه بهم: فهد، غسان، هاني، وإياد. كل واحد منهم إما صادق (يقول الحقيقة دائمًا) أو كاذب (يكذب دائمًا). أدلى كل منهم بتصريح واحد:\n\nفهد: \""غسان هو الكاذب الوحيد بيننا.\""\nغسان: \""هاني وإياد كلاهما صادقان.\""\nهاني: \""أنا وإياد لسنا من نفس النوع.\""\nإياد: \""فهد ليس كاذبًا.\""\n\nمن هو اللص الذي سرق اللوحة إذا علمت أن اللص هو الشخص الوحيد الذي ينتمي إلى نوع مخالف لأنواع الثلاثة الآخرين؟"",
  ""ground_truth_answer"": {
    ""Fahd"": ""كاذب"",
    ""Ghassan"": ""كاذب"",
    ""Hani"": ""صادق"",
    ""Iyad"": ""كاذب"",
    ""thief"": ""هاني""
  }
}",711,4.595101594924927,0.00033147,False,1.0,1.0,1.0,1.0,1.0,0.8910761154855643,0.9891076115485564
DeepSeek-V4-Pro,rlvr_logic,2,365094517,"{
  ""id"": ""logic_arabic_002"",
  ""domain"": ""logic"",
  ""difficulty_tag"": ""hard"",
  ""puzzle_type"": ""truth_lie_mixed"",
  ""prompt"": ""في مجلس الحكيم، جلس أربعة رجال: سامر، وليد، طارق، ونهاد. كل واحد منهم ينتمي إلى إحدى طائفتين: الصادقون الذين لا ينطقون إلا بالصدق، والكاذبون الذين لا ينطقون إلا بالكذب. كل رجل يعرف انتماء الآخرين. قال سامر: 'وليد كاذب وطارق صادق'. قال وليد: 'إن كنت صادقًا فإن نهاد كاذب'. قال طارق: 'سامر كاذب ونهاد صادق'. قال نهاد: 'واحد على الأقل منكم كاذب'. حدد انتماء كل رجل."",
  ""ground_truth_answer"": {
    ""سامر"": ""كاذب"",
    ""وليد"": ""صادق"",
    ""طارق"": ""كاذب"",
    ""نهاد"": ""صادق""
  }
}",604,3.247643232345581,0.000295365,False,1.0,1.0,1.0,1.0,1.0,1.0,1.0
DeepSeek-V4-Flash,coldstart_math,0,1283957887," يجب أن يكون نصًا واحدًا مع العلامات.

سأكتب التفكير بالعربية الفصحى:

<think>
أولاً: نحسب مساحة السطح الكلية: 10 م × 6 م = 60 م². نطرح المساحة المشغولة 20 م²، فتصبح المساحة الصالحة 40 م².
ثانياً: كل لوح مساحته 1.6 م²، لذا أقصى عدد ألواح يمكن وضعها على السطح = 40 ÷ 1.6 = 25 لوحاً.
ثالثاً: نحسب الطاقة المنتجة من لوح واحد في اليوم: القدرة 250 واط = 0.25 كيلو واط، ساعات الإشعاع 5.5 ساعة، الكفاءة 80% = 0.8، إذن الطاقة = 0.25 × 5.5 × 0.8 = 1.1 كيلو وات ساعة.
رابعاً: الطاقة الكلية من 25 لوحاً = 25 × 1.1 = 27.5 كيلو وات ساعة.
خامساً: نقارنها بالاحتياج اليومي 30 كيلو وات ساعة، نجد أن 27.5 < 30، أي أن الألواح لا تكفي.
سادساً: العجز = 30 - 27.5 = 2.5 كيلو وات ساعة.
سابعاً: عدد الألواح الإضافية المطلوبة = العجز ÷ إنتاج اللوح الواحد = 2.5 ÷ 1.1 ≈ 2.27، وبما أن الألواح لا تجزأ، نحتاج إلى 3 ألواح إضافية (لوحان ينتجان 2.2 وهو أقل من 2.5، والثلاثة ينتجون 3.3 وهو كافٍ).
</think>
<answer>
أقصى عدد ألواح على السطح: 25 لوحاً. لا تكفي لتغطية الاحتياج. يحتاج إلى 3 ألواح إضافية في الفناء.
</answer>

هذا جيد. سأخرج JSON. يجب أن يحتوي على سطور جديدة؟ JSON ليس مشكلة. سأكتب كسطر واحد مع escapes؟ لكن الأفضل كتابة JSON متعدد الأسطر للوضوح. سأستخدم تنسيقًا صحيحًا.

سأضع المفاتيح بين علامات تنصيص. سأستخدم اللغة العربية في prompt و response.

تأكد من أن response هو سلسلة نصية تحتوي على <think> و <answer>.

الآن كتابة JSON النهائي. = ""<think>... </think> <answer>... </answer>""

سأكتب.: ""<think>أولاً: نحسب مساحة السطح الكلية: 10 م × 6 م = 60 م². نطرح المساحة المشغولة 20 م²، فتصبح المساحة الصالحة 40 م².\nثانياً: كل لوح مساحته 1.6 م²، لذا أقصى عدد ألواح يمكن وضعها على السطح = 40 ÷ 1.6 = 25 لوحاً.\nثالثاً: نحسب الطاقة المنتجة من لوح واحد في اليوم: القدرة 250 واط = 0.25 كيلو واط، ساعات الإشعاع 5.5 ساعة، الكفاءة 80% = 0.8، إذن الطاقة = 0.25 × 5.5 × 0.8 = 1.1 كيلو وات ساعة.\nرابعاً: الطاقة الكلية من 25 لوحاً = 25 × 1.1 = 27.5 كيلو وات ساعة.\nخامساً: نقارنها بالاحتياج اليومي 30 كيلو وات ساعة، نجد أن 27.5 < 30، أي أن الألواح لا تكفي.\nسادساً: العجز = 30 - 27.5 = 2.5 كيلو وات ساعة.\nسابعاً: عدد الألواح الإضافية المطلوبة = العجز ÷ إنتاج اللوح الواحد = 2.5 ÷ 1.1 ≈ 2.27، وبما أن الألواح لا تجزأ، نحتاج إلى 3 ألواح إضافية (لوحان ينتجان 2.2 وهو أقل من 2.5، والثلاثة ينتجون 3.3 وهو كافٍ).\n</think>\n<answer>\nأقصى عدد ألواح على السطح: 25 لوحاً. لا تكفي لتغطية الاحتياج. يحتاج إلى 3 ألواح إضافية في الفناء.\n</answer>""

سأضبط التنسيق.

الآن JSON:
{
  ""id"": ""math_ar_20250328"",
  ""domain"": ""math"",
  ""difficulty"": ""medium"",
  ""prompt"": ""خالد يريد تركيب ألواح شمسية على سطح منزله في الرياض. سطح المنزل مستطيلي الشكل، طوله 10 أمتار وعرضه 6 أمتار. يوجد على السطح مساحة 20 مترًا مربعًا مشغولة بخزان مياه ومظلة، وباقي السطح يمكن استغلاله لوضع الألواح. كل لوح شمسي قدرته 250 واط، ومساحته 1.6 متر مربع. متوسط ساعات الإشعاع الشمسي الفعال في الرياض 5.5 ساعة يوميًا، وكفاءة النظام (بما في ذلك خسائر التحويل والتوصيل) تبلغ 80%. إذا كان متوسط استهلاك خالد اليومي للكهرباء 30 كيلو وات ساعة، فما هو أقصى عدد من الألواح يمكن وضعه على السطح؟ وهل تكفي هذه الألواح لتغطية احتياجه اليومي؟ إذا لم تكف، فكم لوحًا إضافيًا يحتاج إلى تركيبه في الفناء (بفرض وجود مساحة كافية) لتغطية احتياجه بالكامل؟"",
  ""response"": ""<think>أولاً: نحسب مساحة السطح الكلية: 10 م × 6 م = 60 م². نطرح المساحة المشغولة 20 م²، فتصبح المساحة الصالحة 40 م².\nثانياً: كل لوح مساحته 1.6 م²، لذا أقصى عدد ألواح يمكن وضعها على السطح = 40 ÷ 1.6 = 25 لوحاً.\nثالثاً: نحسب الطاقة المنتجة من لوح واحد في اليوم: القدرة 250 واط = 0.25 كيلو واط، ساعات الإشعاع 5.5 ساعة، الكفاءة 80% = 0.8، إذن الطاقة = 0.25 × 5.5 × 0.8 = 1.1 كيلو وات ساعة.\nرابعاً: الطاقة الكلية من 25 لوحاً = 25 × 1.1 = 27.5 كيلو وات ساعة.\nخامساً: نقارنها بالاحتياج اليومي 30 كيلو وات ساعة، نجد أن 27.5 < 30، أي أن الألواح لا تكفي.\nسادساً: العجز = 30 - 27.5 = 2.5 كيلو وات ساعة.\nسابعاً: عدد الألواح الإضافية المطلوبة = العجز ÷ إنتاج اللوح الواحد = 2.5 ÷ 1.1 ≈ 2.27، وبما أن الألواح لا تجزأ، نحتاج إلى 3 ألواح إضافية (لوحان ينتجان 2.2 وهو أقل من 2.5، والثلاثة ينتجون 3.3 وهو كافٍ).\n</think>\n<answer>\nأقصى عدد ألواح على السطح: 25 لوحاً. لا تكفي لتغطية الاحتياج. يحتاج إلى 3 ألواح إضافية في الفناء.\n</answer>""
}

لاحظ أنني استخدمت \n للأسطر الجديدة داخل السلسلة. هذا مقبول في JSON. سأتحقق من صحة JSON.

أيضًا، تأكد من أن المسألة أصلية وليست مترجمة. إنها مسألة سياقية عربية. أرقام وأسماء واقعية. جيدة.

سأرسل هذا.{
  ""id"": ""math_ar_20250328"",
  ""domain"": ""math"",
  ""difficulty"": ""medium"",
  ""prompt"": ""خالد يريد تركيب ألواح شمسية على سطح منزله في الرياض. سطح المنزل مستطيلي الشكل، طوله 10 أمتار وعرضه 6 أمتار. يوجد على السطح مساحة 20 مترًا مربعًا مشغولة بخزان مياه ومظلة، وباقي السطح يمكن استغلاله لوضع الألواح. كل لوح شمسي قدرته 250 واط، ومساحته 1.6 متر مربع. متوسط ساعات الإشعاع الشمسي الفعال في الرياض 5.5 ساعة يوميًا، وكفاءة النظام (بما في ذلك خسائر التحويل والتوصيل) تبلغ 80%. إذا كان متوسط استهلاك خالد اليومي للكهرباء 30 كيلو وات ساعة، فما هو أقصى عدد من الألواح يمكن وضعه على السطح؟ وهل تكفي هذه الألواح لتغطية احتياجه اليومي؟ إذا لم تكف، فكم لوحًا إضافيًا يحتاج إلى تركيبه في الفناء (بفرض وجود مساحة كافية) لتغطية احتياجه بالكامل؟"",
  ""response"": ""<think>أولاً: نحسب مساحة السطح الكلية: 10 م × 6 م = 60 م². نطرح المساحة المشغولة 20 م²، فتصبح المساحة الصالحة 40 م².\nثانياً: كل لوح مساحته 1.6 م²، لذا أقصى عدد ألواح يمكن وضعها على السطح = 40 ÷ 1.6 = 25 لوحاً.\nثالثاً: نحسب الطاقة المنتجة من لوح واحد في اليوم: القدرة 250 واط = 0.25 كيلو واط، ساعات الإشعاع 5.5 ساعة، الكفاءة 80% = 0.8، إذن الطاقة = 0.25 × 5.5 × 0.8 = 1.1 كيلو وات ساعة.\nرابعاً: الطاقة الكلية من 25 لوحاً = 25 × 1.1 = 27.5 كيلو وات ساعة.\nخامساً: نقارنها بالاحتياج اليومي 30 كيلو وات ساعة، نجد أن 27.5 < 30، أي أن الألواح لا تكفي.\nسادساً: العجز = 30 - 27.5 = 2.5 كيلو وات ساعة.\nسابعاً: عدد الألواح الإضافية المطلوبة = العجز ÷ إنتاج اللوح الواحد = 2.5 ÷ 1.1 ≈ 2.27، وبما أن الألواح لا تجزأ، نحتاج إلى 3 ألواح إضافية (لوحان ينتجان 2.2 وهو أقل من 2.5، والثلاثة ينتجون 3.3 وهو كافٍ).\n</think>\n<answer>\nأقصى عدد ألواح على السطح: 25 لوحاً. لا تكفي لتغطية الاحتياج. يحتاج إلى 3 ألواح إضافية في الفناء.\n</answer>""
}",5886,55.14863657951355,0.0017969000000000001,False,1.0,1.0,0.9794776119402985,1.0,1.0,0.437397740553175,0.9396352964433772
DeepSeek-V4-Flash,coldstart_math,1,1857835170," يحتوي على علامات XML.

سأكتب:

{
  ""id"": 427,
  ""domain"": ""math"",
  ""difficulty"": ""medium"",
  ""prompt"": ""في معرض للسيارات، باعت شركة فهد 40 سيارة في الأسبوع الأول. في الأسبوع الثاني، زادت المبيعات بنسبة 25% عن الأسبوع الأول. في الأسبوع الثالث، انخفضت المبيعات بنسبة 30% عن الأسبوع الثاني. إذا كان سعر السيارة الواحدة 120 ألف ريال، وتم بيع السيارات في الأسبوع الثالث بخصم 15% على السعر الأصلي، فما إجمالي قيمة السيارات المباعة في الأسابيع الثلاثة؟"",
  ""response"": ""<think>أولاً: حساب عدد السيارات المباعة في الأسبوع الثاني: الأسبوع الأول 40 سيارة، الزيادة 25% تعني 40 × 1.25 = 50 سيارة. ثانياً: حساب عدد السيارات في الأسبوع الثالث: انخفاض 30% عن الأسبوع الثاني يعني 50 × 0.7 = 35 سيارة. ثالثاً: إيراد الأسبوع الأول: 40 × 120000 = 4,800,000 ريال. رابعاً: إيراد الأسبوع الثاني: 50 × 120000 = 6,000,000 ريال. خامساً: سعر السيارة بعد الخصم للأسبوع الثالث: 120000 × 0.85 = 102,000 ريال. ثم إيراد الأسبوع الثالث: 35 × 102000 = 3,570,000 ريال. سادساً: الإجمالي = 4,800,000 + 6,000,000 + 3,570,000 = 14,370,000 ريال.</think><answer>14,370,000 ريال</answer>""
}

نلاحظ أن الفواصل في الأرقام قد تسبب مشكلة في بعض الأنظمة، لكن في JSON هي نصوص، فلا بأس. يمكن أيضًا كتابة 14370000 بدون فواصل. لكن للوضوح نتركها.

أيضًا، في التفكير، يجب أن يكون كل شيء داخل <think>...</think> متصلًا. لقد كتبته في سطر واحد، لكن من المقبول أن يكون متعدد الأسطر في JSON. لكن JSON لا يسمح بأسطر جديدة داخل السلسلة النصية بدون escapes. لكن يمكننا كتابة النص مع فواصل أسطر باستخدام \n. لكن الأسهل كتابته في سطر واحد أو استخدام مسافات. سأكتبه في سطر واحد مع مسافات.

لاحظ أن المسألة قد تكون سهلة بعض الشيء، لكنها متوسطة في رأيي. بديل: يمكن جعل الأرقام أكثر تعقيدًا مثل نسب متتالية. لكن هذا جيد.

أخيرًا، تأكد من أن المسألة لا تكرر أي مسألة كلاسيكية معروفة. هذه مسألة عن مبيعات السيارات، غير شائعة جدًا.

سأقوم بتنسيق JSON بشكل صحيح. يجب أن يكون سلسلة نصية. 

الآن سأخرج النتيجة.يجب أن يبدأ بـ '<think>' وينتهي بـ '</answer>'.

هذا هو الحل.{
  ""id"": 427,
  ""domain"": ""math"",
  ""difficulty"": ""medium"",
  ""prompt"": ""في معرض للسيارات، باعت شركة فهد 40 سيارة في الأسبوع الأول. في الأسبوع الثاني، زادت المبيعات بنسبة 25% عن الأسبوع الأول. في الأسبوع الثالث، انخفضت المبيعات بنسبة 30% عن الأسبوع الثاني. إذا كان سعر السيارة الواحدة 120 ألف ريال، وتم بيع السيارات في الأسبوع الثالث بخصم 15% على السعر الأصلي، فما إجمالي قيمة السيارات المباعة في الأسابيع الثلاثة؟"",
  ""response"": ""<think>أولاً: حساب عدد السيارات المباعة في الأسبوع الثاني: الأسبوع الأول 40 سيارة، الزيادة 25% تعني 40 × 1.25 = 50 سيارة. ثانياً: حساب عدد السيارات في الأسبوع الثالث: انخفاض 30% عن الأسبوع الثاني يعني 50 × 0.7 = 35 سيارة. ثالثاً: إيراد الأسبوع الأول: 40 × 120000 = 4,800,000 ريال. رابعاً: إيراد الأسبوع الثاني: 50 × 120000 = 6,000,000 ريال. خامساً: سعر السيارة بعد الخصم للأسبوع الثالث: 120000 × 0.85 = 102,000 ريال. ثم إيراد الأسبوع الثالث: 35 × 102000 = 3,570,000 ريال. سادساً: الإجمالي = 4,800,000 + 6,000,000 + 3,570,000 = 14,370,000 ريال.</think><answer>14,370,000 ريال</answer>""
}",2920,46.121288537979126,0.0012929000000000003,False,0.0,1.0,0.9616055846422339,1.0,1.0,0.6079047103410936,0.7531115879625562
DeepSeek-V4-Flash,coldstart_math,2,340650182," يجب أن يكون نصاً واحداً يحتوي على العلامات. نكتب:

{
  ""id"": 101,
  ""domain"": ""math"",
  ""difficulty"": ""medium"",
  ""prompt"": ""يريد سليمان تركيب ألواح شمسية مستطيلة الشكل على سطح حظيرته. أبعاد سطح الحظيرة: طول 12.5 متر وعرض 8.4 متر. كل لوح شمسي طوله 1.6 متر وعرضه 0.9 متر. يجب أن توضع الألواح بحيث تكون جوانبها موازية لجوانب السطح، ويمكن توجيهها إما طولياً أو عرضياً. ما أكبر عدد من الألواح يمكن ترتيبها على السطح دون تداخل ودون تجاوز الحواف، مع إمكانية ترك فراغات؟ (لا يجوز تقطيع الألواح)."",
  ""response"": ""<think>نحتاج إلى إيجاد أقصى عدد من الألواح المستطيلة التي يمكن ترتيبها داخل مستطيل أكبر، مع السماح باتجاهين. أولاً، نحسب عدد الألواح إذا كان طول اللوح (1.6) موازياً لطول السطح (12.5): نقسم طول السطح على طول اللوح: 12.5 ÷ 1.6 = 7.8125، نأخذ الجزء الصحيح 7. ثم نقسم عرض السطح على عرض اللوح: 8.4 ÷ 0.9 = 9.333، الجزء الصحيح 9. العدد = 7 × 9 = 63 لوحاً. ثانياً، إذا جعلنا طول اللوح موازياً لعرض السطح: نقسم عرض السطح على طول اللوح: 8.4 ÷ 1.6 = 5.25، الجزء الصحيح 5. ثم نقسم طول السطح على عرض اللوح: 12.5 ÷ 0.9 = 13.888، الجزء الصحيح 13. العدد = 5 × 13 = 65 لوحاً. بمقارنة النتيجتين، نجد أن الاتجاه الثاني يعطي عدداً أكبر. لذا أكبر عدد هو 65 لوحاً.</think><answer>65</answer>""
}

تأكد من أن response لا يحتوي على أي نص خارج العلامات. كل شيء داخل <think> و <answer>. هو نص واحد.

ننشئ JSON. يجب أن يكون سلسلة نصية تحتوي على تلك العلامات. = ""<think>...</think><answer>...</answer>"". نضيف فاصل أسطر؟ لا يهم. نكتبه بشكل متصل.

لاحظ أننا استخدمنا أرقام عشرية. المسألة واقعية. الأسماء: سليمان. السياق: حظيرة وألواح شمسية. لا توجد مسألة كلاسيكية مشهورة بهذا الشكل. جيد.

نخرج JSON..{
  ""id"": 101,
  ""domain"": ""math"",
  ""difficulty"": ""medium"",
  ""prompt"": ""يريد سليمان تركيب ألواح شمسية مستطيلة الشكل على سطح حظيرته. أبعاد سطح الحظيرة: طول 12.5 متر وعرض 8.4 متر. كل لوح شمسي طوله 1.6 متر وعرضه 0.9 متر. يجب أن توضع الألواح بحيث تكون جوانبها موازية لجوانب السطح، ويمكن توجيهها إما طولياً أو عرضياً. ما أكبر عدد من الألواح يمكن ترتيبها على السطح دون تداخل ودون تجاوز الحواف، مع إمكانية ترك فراغات؟ (لا يجوز تقطيع الألواح)."",
  ""response"": ""<think>نحتاج إلى إيجاد أقصى عدد من الألواح المستطيلة التي يمكن ترتيبها داخل مستطيل أكبر، مع السماح باتجاهين. أولاً، نحسب عدد الألواح إذا كان طول اللوح (1.6) موازياً لطول السطح (12.5): نقسم طول السطح على طول اللوح: 12.5 ÷ 1.6 = 7.8125، نأخذ الجزء الصحيح 7. ثم نقسم عرض السطح على عرض اللوح: 8.4 ÷ 0.9 = 9.333، الجزء الصحيح 9. العدد = 7 × 9 = 63 لوحاً. ثانياً، إذا جعلنا طول اللوح موازياً لعرض السطح: نقسم عرض السطح على طول اللوح: 8.4 ÷ 1.6 = 5.25، الجزء الصحيح 5. ثم نقسم طول السطح على عرض اللوح: 12.5 ÷ 0.9 = 13.888، الجزء الصحيح 13. العدد = 5 × 13 = 65 لوحاً. بمقارنة النتيجتين، نجد أن الاتجاه الثاني يعطي عدداً أكبر. لذا أكبر عدد هو 65 لوحاً.</think><answer>65</answer>""
}",2705,24.341248035430908,0.0007859600000000002,False,0.0,1.0,0.9687943262411347,1.0,1.0,1.0,0.7937588652482269
DeepSeek-V4-Flash,coldstart_logic,0,529546679,,0,136.80057287216187,0.0046120200000000005,True,0.0,0.0,0.0,0.0,1.0,0.2076313632638193,0.12076313632638194
DeepSeek-V4-Flash,coldstart_logic,1,1392799690,"```json
{
  ""id"": ""logic-001"",
  ""domain"": ""logic"",
  ""difficulty"": ""medium"",
  ""prompt"": ""أربعة أصدقاء: أحمد، بدر، شادي، ديمة. لكل منهم عدد مختلف من الإخوة: 1، 2، 3، 4. المعطيات التالية:\n1. الشخص الذي لديه 2 من الإخوة ليس أحمد.\n2. بدر لديه إخوة أكثر من شادي.\n3. ديمة لديها إما 1 أو 4 من الإخوة.\n4. الشخص الذي لديه 3 من الإخوة ليس ديمة.\n5. أحمد لديه إخوة أقل من الشخص الذي لديه 4 إخوة.\n6. شادي لديه إخوة أكثر من أحمد.\nحدد عدد الإخوة لكل شخص."",
  ""response"": ""<think>\nلنرمز لأعداد الإخوة لكل شخص: أحمد = أ، بدر = ب، شادي = ش، ديمة = د. الأعداد هي 1,2,3,4 مختلفة.\nمن المعطى 1: أ ≠ 2.\nمن المعطى 2: ب > ش.\nمن المعطى 3: د ∈ {1, 4}.\nمن المعطى 4: الشخص الذي لديه 3 إخوة ليس ديمة، أي د ≠ 3.\nمن المعطى 5: أ < (صاحب العدد 4). أي أ < 4، لذا أ يمكن أن يكون 1,2,3 ولكن أ ≠ 2، إذن أ ∈ {1, 3}.\nمن المعطى 6: ش > أ.\n\nالحالة الأولى: د = 1. إذن د=1. الأعداد المتبقية: {2,3,4} لأ، ب، ش. وبما أن أ∈{1,3} و 1 مشغول، إذن أ=3. إذن أ=3. المتبقي {2,4} لب و ش. ومن ب>ش، يجب ب=4، ش=2. نتحقق من المعطى 6: ش=2 > أ=3؟ لا، 2 ليس أكبر من 3. إذن هذه الحالة تخالف المعطى 6.\n\nالحالة الثانية: د = 4. إذن د=4. الأعداد المتبقية: {1,2,3} لأ، ب، ش. أ∈{1,3}.\n- الحالة الفرعية أ=1: إذن أ=1. المتبقي {2,3} لب و ش. ب>ش يعطي ب=3، ش=2. نتحقق من المعطى 6: ش=2 > أ=1؟ نعم. جميع المعطيات متوافقة. نتحقق من المعطى 5: أ=1 < صاحب 4 (د=4) صحيح. الحل: أ=1، ب=3، ش=2، د=4.\n- الحالة الفرعية أ=3: إذن أ=3. المتبقي {1,2} لب و ش. ب>ش يعطي ب=2، ش=1. نتحقق من المعطى 6: ش=1 > أ=3؟ لا، 1 ليس أكبر من 3. تخالف.\n\nإذن الحل الوحيد هو: أحمد=1، بدر=3، شادي=2، ديمة=4.\n</think>\n<answer>\nأحمد: 1، بدر: 3، شادي: 2، ديمة: 4\n</answer>""
}
```",1593,70.57103562355042,0.00234024,False,1.0,1.0,0.9741480611045829,1.0,1.0,0.4091888011486002,0.9357484923357766
DeepSeek-V4-Flash,coldstart_logic,2,1779038320," يجب أن تحتوي على التفكير ثم الحل. التفكير سيشرح حالات الافتراض.

إليك المحتوى:{
  ""id"": ""1001"",
  ""domain"": ""logic"",
  ""difficulty"": ""easy"",
  ""prompt"": ""في قرية العطاء، ثلاثة رجال: سامر، وعدنان، ورشيد. واحد منهم صادق دائمًا، والآخران كاذبان دائمًا. قال سامر: عدنان كاذب. قال عدنان: رشيد صادق. قال رشيد: سامر كاذب. من هو الصادق؟"",
  ""response"": ""<think>نبدأ بتحليل الأقوال مع العلم أن واحداً فقط صادق. نفرض أولاً أن سامر هو الصادق. إذاً، قوله \""عدنان كاذب\"" صحيح، لذا عدنان كاذب. وبما أن عدنان كاذب، فإن قوله \""رشيد صادق\"" خاطئ، لذا رشيد كاذب. وقول رشيد \""سامر كاذب\"" خاطئ (لأن رشيد كاذب) فيكون سامر صادقاً (وهذا متفق مع الفرض). إذن الفرض يؤدي إلى تناسق: سامر صادق، عدنان كاذب، رشيد كاذب. نتحقق من الفرضيات الأخرى: نفرض أن عدنان هو الصادق. عندها قوله \""رشيد صادق\"" صحيح، فيكون رشيد صادقاً أيضاً، وهذا يعطينا صادقين، مخالفاً لشرط الواحد فقط. إذن مستحيل. نفرض أن رشيد هو الصادق. فعندها قوله \""سامر كاذب\"" صحيح، فيكون سامر كاذباً. وقول سامر \""عدنان كاذب\"" خاطئ (لأن سامر كاذب)، لذا عدنان صادق. فيصبح لدينا رشيد صادق وعدنان صادق، أي صادقان، مخالف. إذن الفرض الوحيد الممكن هو أن سامر هو الصادق.</think><answer>سامر</answer>""
}",1122,31.81462788581848,0.0009576000000000001,False,1.0,1.0,0.9695712309820194,1.0,1.0,1.0,0.9939142461964039
DeepSeek-V4-Flash,rlvr_math,0,1241414721,"{
  ""id"": ""math_1241414721"",
  ""domain"": ""math"",
  ""difficulty_tag"": ""easy"",
  ""prompt"": ""إذا كان عمر خالد 12 سنة، وعمر أخته مريم نصف عمره، فما مجموع عمريهما؟"",
  ""ground_truth_answer"": 18
}",190,1.4930369853973389,3.7800000000000004e-05,False,1.0,1.0,1.0,1.0,1.0,1.0,1.0
DeepSeek-V4-Flash,rlvr_math,1,1516823398,"{
  ""id"": ""math_1516823398"",
  ""domain"": ""math"",
  ""difficulty_tag"": ""easy"",
  ""prompt"": ""إذا كان عمر خالد 12 سنة، وعمر أخته مريم نصف عمره، فكم مجموع عمريهما؟"",
  ""ground_truth_answer"": 18
}",190,1.4668569564819336,3.7800000000000004e-05,False,1.0,1.0,1.0,1.0,1.0,1.0,1.0
DeepSeek-V4-Flash,rlvr_math,2,1443634094,"{
  ""id"": ""math_1443634094"",
  ""domain"": ""math"",
  ""difficulty_tag"": ""easy"",
  ""prompt"": ""في بستان، يوجد 47 شجرة تفاح و 38 شجرة برتقال. كم شجرة في البستان؟"",
  ""ground_truth_answer"": 85
}",187,1.3144326210021973,3.7800000000000004e-05,False,1.0,1.0,1.0,1.0,1.0,1.0,1.0
DeepSeek-V4-Flash,rlvr_logic,0,1057254634,"{
  ""id"": ""lg-1057254634"",
  ""domain"": ""logic"",
  ""difficulty_tag"": ""hard"",
  ""puzzle_type"": ""truth-teller/liar"",
  ""prompt"": ""في قرية صغيرة، ثلاثة أشخاص: سامر، ليلى، وكريم. كل واحد منهم إما صادق دائمًا أو كاذب دائمًا. قال سامر: 'ليلى وكريم من نفس النوع (كلاهما صادقان أو كلاهما كاذبان).' وقالت ليلى: 'سامر وكريم مختلفان في النوع (أحدهما صادق والآخر كاذب).' وقال كريم: 'أنا لست كاذبًا.' حدد نوع كل شخص (صادق أو كاذب)."",
  ""ground_truth_answer"": {
    ""سامر"": ""كاذب"",
    ""ليلى"": ""صادقة"",
    ""كريم"": ""كاذب""
  }
}",512,2.61592960357666,8.372e-05,False,1.0,1.0,1.0,1.0,1.0,0.9531772575250838,0.9953177257525084
DeepSeek-V4-Flash,rlvr_logic,1,1953535281,"{
  ""id"": ""puzzle_1953535281"",
  ""domain"": ""logic"",
  ""difficulty_tag"": ""hard"",
  ""puzzle_type"": ""truth_teller_liar"",
  ""prompt"": ""في قرية صغيرة، ثلاثة أشخاص: سامر، باسل، ونديم. كل واحد منهم إما صادق دائمًا أو كاذب دائمًا. قال سامر: 'باسل ونديم من نفس النوع (كلاهما صادقان أو كلاهما كاذبان).' قال باسل: 'سامر ونديم مختلفان (أحدهما صادق والآخر كاذب).' قال نديم: 'أنا كاذب.' حدد نوع كل شخص (صادق أو كاذب)."",
  ""ground_truth_answer"": {
    ""سامر"": ""كاذب"",
    ""باسل"": ""صادق"",
    ""نديم"": ""كاذب""
  }
}",497,2.3971784114837646,8.400000000000001e-05,False,1.0,1.0,1.0,1.0,1.0,0.9500000000000001,0.995
DeepSeek-V4-Flash,rlvr_logic,2,1802769315,"{
  ""id"": ""puzzle_1802769315"",
  ""domain"": ""logic"",
  ""difficulty_tag"": ""hard"",
  ""puzzle_type"": ""truth_teller_liar"",
  ""prompt"": ""في قرية صغيرة، ثلاثة أشخاص: سامر، ليلى، وكريم. كل واحد منهم إما صادق دائمًا أو كاذب دائمًا. قال سامر: 'ليلى وكريم من نفس النوع (كلاهما صادقان أو كلاهما كاذبان).' وقالت ليلى: 'سامر وكريم مختلفان في النوع.' وقال كريم: 'أنا لست كاذبًا.' حدد نوع كل شخص (صادق أو كاذب)."",
  ""ground_truth_answer"": {
    ""سامر"": ""كاذب"",
    ""ليلى"": ""صادقة"",
    ""كريم"": ""كاذب""
  }
}",490,2.6083426475524902,7.980000000000002e-05,False,1.0,1.0,1.0,1.0,1.0,1.0,1.0
